Location,Occur
Random,28
England,11
London,11
Vegas,9
Europe,9
France,9
Germany,8
Japan,7
Canada,6
United States,6
United Kingdom,6
Australia,5
Tokyo,5
Colorado,5
Moon,5
San Francisco,4
Athens,4
Austria,4
Stockholm,4
New Zealand,4
Los Angeles,4
Milan,3
Israel,3
Charlotte,3
Prague,3
Scotland,3
Gutter,3
Belgium,3
Costa Rica,3
River,3
Denver,3
Found,3
New York City,3
Serbia,3
Chicago,3
Manchester,3
Paris,3
South America,2
Belgrade,2
Bethlehem,2
Sweden,2
1957-1962,2
Poland,2
Run,2
Pioneer,2
Place,2
Stero-Lion,2
Hi Scores,2
2nd Avenue,2
Light,2
This,2
Boulder,2
Italy,2
Furia Sound,2
Russia,2
Netherlands,2
Phoenix,2
New York,2
Miami,2
Greece,2
Boston,2
Peru,2
Amsterdam,2
Baton,2
Dry,2
Salvador,2
Le,2
Rock,2
Berlin,2
Belarus,2
Love,2
Brave,2
Earth,2
Ireland,2
Vienna,2
Reading,2
West Coast,1
Celtic Connections,1
See You,1
Grow,1
Thee,1
Spears,1
Harmony,1
Millbrook Proving Ground,1
Salzburg,1
SoulTracks,1
Britain,1
Spring,1
Liam Gallagher,1
Heap,1
Hollywood,1
Illinois,1
Finland,1
Queen Latifah,1
Hero,1
Manhattan,1
Fusion,1
Sydney,1
Austin City,1
Christchurch,1
Arkansas,1
Salt,1
2D,1
Relax-Jazzed,1
U,1
Konami,1
Ocean,1
Kill City,1
Primavera,1
Tunisia,1
CA,1
Black Light,1
Garden State,1
Hawaii,1
Improv,1
Birmingham,1
They,1
Prey,1
Fire,1
Laguna Beach,1
El Suchi,1
Montreal,1
Espers,1
Monday,1
Jackson,1
North America,1
Melbourne,1
North London,1
Iggy Pop,1
Rome,1
Brazil,1
Electric Forest,1
Soul Square Turntables,1
Jerusalem,1
Yue,1
Anatomy,1
Vancouver Sun,1
Mercury Music,1
Venus,1
Games,1
Sofia,1
Sigsworth,1
Labels Columbia,1
Taipei,1
Stimulation,1
FM4 Sound,1
Broadway,1
KRS-One,1
Minneapolis,1
China,1
Islands,1
Iquitos,1
Keitaimo,1
Groningen,1
Stephen Hague,1
Third Side,1
Quebec,1
the Americas,1
New Jersey,1
Middle,1
Asia,1
Lightning,1
Ohio,1
Indonesia,1
Monument,1
Ãœbermensch,1
Orange,1
Portugal,1
Iguana,1
Makoto Sakurai,1
Guatemala,1
ReReality,1
Monterey Bay,1
Montana,1
Tomorrow,1
Hope Website,1
India,1
Neurodisc/,1
Madrid,1
Kosheen,1
Inevitable,1
Creek,1
Frou Frou,1
Jamaica,1
Toronto,1
Cologne,1
Il,1
the Netherlands,1
Canada Remix,1
Gaelic,1
Fresh Air ",1
Rocky Mountain,1
Washington D.C.,1
Croatia,1
Alive,1
Tunnel,1
River ",1
Temple,1
Reordered,1
Prague Philharmonic Orchestra,1
Versailles,1
Heavyweight,1
Kane Ga,1
Discography,1
Goodbye,1
The Netherlands,1
Amazon ",1
Wimbledon,1
Scorpio,1
World,1
Canary Islands,1
Sunmachine,1
King,1
Wundervoll,1
Planet Funk,1
Sacred,1
Glastonbury,1
Fairport,1
Producer,1
Death,1
Spring Edition,1
Ethiopia,1
Swansea,1
Oregon,1
Cleveland,1
Old Cape Cod,1
C2C,1
America,1
Mercury Music Prize,1
Edinburgh,1
Bronx,1
Oregon Eclipse,1
Jamaica ",1
West London,1
Jan,1
Labels Island,1
Mexico,1
Simplicity,1